{
  "n": 500,
  "errors": 0,
  "overall": {
    "EM": 0.492,
    "F1": 0.5306
  },
  "answerable": {
    "n": 237,
    "EM": 0.3038,
    "F1": 0.3852
  },
  "unanswerable": {
    "n": 263,
    "EM": 0.6616,
    "F1": 0.6616,
    "NoAns_Accuracy": 0.6616
  },
  "latency": {
    "count": 500,
    "avg_ms": 1310.13,
    "p50_ms": 1374,
    "p90_ms": 2370,
    "p99_ms": 3033
  },
  "settings": {
    "host": "http://127.0.0.1:8000",
    "grounded_only": true,
    "extractive": true,
    "top_k": 3,
    "max_distance": 0.6,
    "null_threshold": 0.6,
    "temperature": 0.0,
    "top_p": null,
    "workers": 4,
    "timeout": 180.0,
    "alpha": 0.5,
    "alpha_hits": 2,
    "support_min": 0.3,
    "support_window": 96,
    "span_max_distance": 0.5,
    "rerank": true,
    "rerank_lex_w": 0.5
  }
}