{
  "n": 500,
  "errors": 0,
  "overall": {
    "EM": 0.488,
    "F1": 0.527
  },
  "answerable": {
    "n": 237,
    "EM": 0.2996,
    "F1": 0.3818
  },
  "unanswerable": {
    "n": 263,
    "EM": 0.6578,
    "F1": 0.6578,
    "NoAns_Accuracy": 0.6578
  },
  "latency": {
    "count": 500,
    "avg_ms": 1312.96,
    "p50_ms": 1256,
    "p90_ms": 1732,
    "p99_ms": 2543
  },
  "settings": {
    "host": "http://127.0.0.1:8000",
    "grounded_only": true,
    "extractive": true,
    "top_k": 3,
    "max_distance": 0.6,
    "null_threshold": 0.6,
    "temperature": 0.0,
    "top_p": null,
    "workers": 4,
    "timeout": 180.0,
    "alpha": 0.5,
    "alpha_hits": 2,
    "support_min": 0.3,
    "support_window": 96,
    "span_max_distance": 0.5,
    "rerank": true,
    "rerank_lex_w": 0.5
  }
}