{
  "n": 500,
  "errors": 0,
  "overall": {
    "EM": 0.478,
    "F1": 0.5229
  },
  "answerable": {
    "n": 237,
    "EM": 0.3291,
    "F1": 0.4238
  },
  "unanswerable": {
    "n": 263,
    "EM": 0.6122,
    "F1": 0.6122,
    "NoAns_Accuracy": 0.6122
  },
  "latency": {
    "count": 500,
    "avg_ms": 1284.77,
    "p50_ms": 1227,
    "p90_ms": 1659,
    "p99_ms": 2943
  },
  "settings": {
    "host": "http://127.0.0.1:8000",
    "grounded_only": true,
    "extractive": true,
    "top_k": 3,
    "max_distance": 0.6,
    "null_threshold": 0.6,
    "temperature": 0.0,
    "top_p": null,
    "workers": 4,
    "timeout": 180.0,
    "alpha": 0.5,
    "alpha_hits": 2,
    "support_min": 0.2,
    "support_window": 96,
    "span_max_distance": 0.5,
    "rerank": true,
    "rerank_lex_w": 0.5
  }
}