{
  "n": 500,
  "errors": 0,
  "overall": {
    "EM": 0.488,
    "F1": 0.5217
  },
  "answerable": {
    "n": 237,
    "EM": 0.211,
    "F1": 0.282
  },
  "unanswerable": {
    "n": 263,
    "EM": 0.7376,
    "F1": 0.7376,
    "NoAns_Accuracy": 0.7376
  },
  "latency": {
    "count": 500,
    "avg_ms": 653.86,
    "p50_ms": 614,
    "p90_ms": 1466,
    "p99_ms": 2591
  },
  "settings": {
    "host": "http://127.0.0.1:8000",
    "grounded_only": true,
    "extractive": false,
    "top_k": 5,
    "max_distance": 0.6,
    "null_threshold": 0.25,
    "temperature": 0.0,
    "top_p": null,
    "workers": 4,
    "timeout": 180.0,
    "alpha": null,
    "alpha_hits": null,
    "support_min": null,
    "support_window": null,
    "span_max_distance": null,
    "rerank": true,
    "rerank_lex_w": 0.5
  }
}