{
  "n": 500,
  "errors": 0,
  "overall": {
    "EM": 0.298,
    "F1": 0.3569
  },
  "answerable": {
    "n": 237,
    "EM": 0.4177,
    "F1": 0.542
  },
  "unanswerable": {
    "n": 263,
    "EM": 0.1901,
    "F1": 0.1901,
    "NoAns_Accuracy": 0.1901
  },
  "latency": {
    "count": 500,
    "avg_ms": 2235.35,
    "p50_ms": 2139,
    "p90_ms": 3281,
    "p99_ms": 4480
  },
  "settings": {
    "host": "http://127.0.0.1:8000",
    "grounded_only": true,
    "extractive": false,
    "top_k": 5,
    "max_distance": 0.6,
    "null_threshold": 0.4,
    "temperature": 0.0,
    "top_p": null,
    "workers": 4,
    "timeout": 180.0,
    "alpha": null,
    "alpha_hits": null,
    "support_min": null,
    "support_window": null,
    "span_max_distance": null,
    "rerank": true,
    "rerank_lex_w": 0.5
  }
}